ID,branch,gedcom,persfamID
1,,Earlylds,F2149
2,,Earlylds,F2357
3,,Earlylds,F3527
4,,Earlylds,I673
5,,Earlylds,I751
6,,Earlylds,F4684
7,,Earlylds,F4752
8,,Earlylds,I3886
9,,Earlylds,I6664
10,,Earlylds,I7087
11,,Earlylds,I7116
12,,Earlylds,F5337
13,,Earlylds,I7338
14,,Earlylds,I8831
15,,Earlylds,I14328
16,,Earlylds,I21826
17,,Earlylds,I25999
18,,Earlylds,I27216
19,,Earlylds,I27217
20,,Earlylds,F7372
21,,Earlylds,F7497
22,,Earlylds,F7544
23,,Earlylds,I27388
24,,Earlylds,F7567
25,,Earlylds,F7663
26,,Earlylds,I30348
27,,Earlylds,I32420
28,,Earlylds,F7701
29,,Earlylds,I32432
30,,Earlylds,F1078
31,,Earlylds,I34750
32,,Earlylds,F7726
33,,Earlylds,I18
34,,Earlylds,I1011
36,,Earlylds,F74
37,,Earlylds,F122
38,,Earlylds,F359
39,,Earlylds,I1500
40,,Earlylds,F606
41,,Earlylds,I1619
42,,Earlylds,F1424
43,,Earlylds,F7428
44,,Earlylds,I736
45,,Earlylds,I833
46,,Earlylds,F43
47,,Earlylds,I4459
48,,Earlylds,F7799
49,,Earlylds,I5118
50,,Earlylds,F7807
51,,Earlylds,I7667
52,,Earlylds,F7821
53,,Earlylds,I9374
54,,Earlylds,F8985
55,,Earlylds,I9537
56,,Earlylds,I10730
57,,Earlylds,F9289
58,,Earlylds,I10767
59,,Earlylds,F10363
60,,Earlylds,I11574
61,,Earlylds,I12580
62,,Earlylds,F11374
63,,Earlylds,F11829
64,,Earlylds,I12581
65,,Earlylds,F11965
66,,Earlylds,I1105
67,,Earlylds,I1993
68,,Earlylds,I1994
69,,Earlylds,I2926
70,,Earlylds,I4069
71,,Earlylds,I5421
72,,Earlylds,I5942
73,,Earlylds,I6657
74,,Earlylds,I11137
75,,Earlylds,I11420
76,,Earlylds,I11736
